Workbook

Sheet Dashboard
A1: Python for Data Engineering — 16-Week Mentored Progress Tracker
A2: Flexible pacing: accelerate easy topics; slow down where deeper understanding is needed.
A4: Current Week | B4: Week 2 | D4: Mentoring Loop
A5: Overall Progress | B5: =COUNTIF(Curriculum!E2:E17,"Completed")/16 | D5: 1. Mentor explanation
A6: Completed Weeks | B6: =COUNTIF(Curriculum!E2:E17,"Completed") | D6: 2. Guided examples
A7: In Progress Weeks | B7: =COUNTIF(Curriculum!E2:E17,"In Progress") | D7: 3. Independent drills
A8: Weeks Remaining | B8: =16-COUNTIF(Curriculum!E2:E17,"Completed") | D8: 4. Challenge / mini-project
D9: 5. Code review
D10: 6. Reflection & reinforcement
A11: Weekly Status
A12: Week | B12: Focus | C12: Status | D12: Progress | E12: Hands-on Outcome
A13: 1 | B13: Python Foundations for Data Processing | C13: =Curriculum!E2 | D13: =IF(C13="Completed",1,IF(C13="In Progress",0.5,0)) | E13: Clean and validate a collection of raw records.
A14: 2 | B14: Collections & Data Manipulation | C14: =Curriculum!E3 | D14: =IF(C14="Completed",1,IF(C14="In Progress",0.5,0)) | E14: Filter, transform, aggregate, and deduplicate records.
A15: 3 | B15: Functions, Iteration & Reusable Transformations | C15: =Curriculum!E4 | D15: =IF(C15="Completed",1,IF(C15="In Progress",0.5,0)) | E15: Build a small reusable transformation library.
A16: 4 | B16: Exceptions, Logging & Robust Python | C16: =Curriculum!E5 | D16: =IF(C16="Completed",1,IF(C16="In Progress",0.5,0)) | E16: Build a robust file/data processor with error handling and logging.
A17: 5 | B17: Files, CSV, JSON & Data Serialization | C17: =Curriculum!E6 | D17: =IF(C17="Completed",1,IF(C17="In Progress",0.5,0)) | E17: Raw CSV/JSON → validated records → output files.
A18: 6 | B18: Pythonic Data Transformation | C18: =Curriculum!E7 | D18: =IF(C18="Completed",1,IF(C18="In Progress",0.5,0)) | E18: Transform a moderately complex dataset with multiple business rules.
A19: 7 | B19: Working with APIs & External Data | C19: =Curriculum!E8 | D19: =IF(C19="Completed",1,IF(C19="In Progress",0.5,0)) | E19: Extract data from a public API and save raw responses.
A20: 8 | B20: Databases with Python | C20: =Curriculum!E9 | D20: =IF(C20="Completed",1,IF(C20="In Progress",0.5,0)) | E20: API/CSV → Python transformation → relational database.
A21: 9 | B21: Pandas for Data Engineering | C21: =Curriculum!E10 | D21: =IF(C21="Completed",1,IF(C21="In Progress",0.5,0)) | E21: Complete pandas cleaning and transformation workflow.
A22: 10 | B22: NumPy & Performance Fundamentals | C22: =Curriculum!E11 | D22: =IF(C22="Completed",1,IF(C22="In Progress",0.5,0)) | E22: Compare naive Python processing with vectorized approaches.
A23: 11 | B23: ETL/ELT Pipeline Design with Python | C23: =Curriculum!E12 | D23: =IF(C23="Completed",1,IF(C23="In Progress",0.5,0)) | E23: Build a small production-style ETL pipeline.
A24: 12 | B24: Testing Data Pipelines | C24: =Curriculum!E13 | D24: =IF(C24="Completed",1,IF(C24="In Progress",0.5,0)) | E24: Add a meaningful automated test suite to the ETL pipeline.
... A28: 16 | B28: Capstone: End-to-End Python Data Pipeline | C28: =Curriculum!E17 | D28: =IF(C28="Completed",1,IF(C28="In Progress",0.5,0)) | E28: Build, test, document, and review a complete Python data-engineering pipeline.
A31: How to use
A32: • Update Status in Curriculum as you progress.
A33: • Record each drill in Drill Log and keep the mentor review and next action.
A34: • Use Mentor Review for a weekly self-check; I will review submitted code in our chat.
A35: • Use Notes for concepts that need reinforcement or questions to revisit.

Sheet Curriculum
A1: Week | B1: Focus | C1: Learning Targets | D1: Hands-on Outcome | E1: Status | F1: Start Date | G1: Finish Date | H1: Mentor Notes
A2: 1 | B2: Python Foundations for Data Processing | C2: Variables/types; conditions/loops/functions; string cleaning; type conversion; validation; introductory exceptions; raw vs cleaned data; rejected records. | D2: Clean and validate a collection of raw records. | E2: Completed
A3: 2 | B3: Collections & Data Manipulation | C3: Lists, tuples, sets, dictionaries; indexing/slicing; membership; unpacking; nested structures; dict.get(); keys/values/items; list/set/dict comprehensions; choosing structures. | D3: Filter, transform, aggregate, and deduplicate records. | E3: In Progress
A4: 3 | B4: Functions, Iteration & Reusable Transformations | C4: Function design; parameters/returns/defaults; *args/**kwargs; scope; map/filter/sorted/any/all; generators/yield; reusable transformations. | D4: Build a small reusable transformation library. | E4: Not Started
A5: 4 | B5: Exceptions, Logging & Robust Python | C5: Exception hierarchy; try/except/else/finally; catch vs propagate; custom exceptions; logging; defensive validation; observable/recoverable failures. | D5: Build a robust file/data processor with error handling and logging. | E5: Not Started
A6: 5 | B6: Files, CSV, JSON & Data Serialization | C6: pathlib; text files; CSV; JSON; encoding/newlines; streaming vs loading all data into memory. | D6: Raw CSV/JSON → validated records → output files. | E6: Not Started
A7: 6 | B7: Pythonic Data Transformation | C7: Comprehensions; sorting/grouping; zip/enumerate/range; Counter/defaultdict; functional vs imperative approaches; readable pipelines. | D7: Transform a moderately complex dataset with multiple business rules. | E7: Not Started
A8: 7 | B8: Working with APIs & External Data | C8: HTTP concepts; requests/httpx; GET; parameters/headers; JSON; status codes/retries; timeouts; pagination/rate limits. | D8: Extract data from a public API and save raw responses. | E8: Not Started
A9: 8 | B9: Databases with Python | C9: DB-API; PostgreSQL/MySQL connections; parameterized SQL; fetching rows; transactions; batch inserts; connection management. | D9: API/CSV → Python transformation → relational database. | E9: Not Started
A10: 9 | B10: Pandas for Data Engineering | C10: Series/DataFrame; CSV/JSON I/O; selection/filtering; missing values; type conversion; strings/dates; groupby; merge/join/concat. | D10: Complete pandas cleaning and transformation workflow. | E10: Not Started
A11: 10 | B11: NumPy & Performance Fundamentals | C11: Arrays/vectorization; dtypes/memory; boolean masking; Python loop costs; timeit; memory-aware processing. | D11: Compare naive Python processing with vectorized approaches. | E11: Not Started
A12: 11 | B12: ETL/ELT Pipeline Design with Python | C12: Extract→Transform→Load; stages/contracts; idempotency; incremental processing; data quality; rejected/error records; configuration/environment variables. | D12: Build a small production-style ETL pipeline. | E12: Not Started
A13: 12 | B13: Testing Data Pipelines | C13: pytest; unit vs integration tests; fixtures; transformation tests; malformed-data tests; assertions; test organization. | D13: Add a meaningful automated test suite to the ETL pipeline. | E13: Not Started
... A17: 16 | B17: Capstone: End-to-End Python Data Pipeline | C17: Requirements-driven pipeline; API/files; validation/transformation; bad-data handling; PostgreSQL/MySQL load; testing/logging; configuration; documentation; performance; GitHub portfolio. | D17: Build, test, document, and review a complete Python data-engineering pipeline. | E17: Not Started

Sheet Drill Log
A1: Date | B1: Week | C1: Drill / Task | D1: Topic | E1: Status | F1: Attempt / Result | G1: Mentor Review | H1: Next Action
A2: 2026-08-30 | B2: 2 | C2: Drill 1 — Collections | D2: Lists, dictionaries, sets | E2: Completed | F2: Correct | G2: Reviewed — 9.5/10 | H2: Comprehensions
A3: 2026-08-30 | B3: 2 | C3: Drill 2 — Comprehensions | D3: List/set/dict comprehensions | E3: Completed | F3: Correct after clarification | G3: Reviewed — passed | H3: Missing-data drill
A4: 2026-09-01 | B4: 2 | C4: Drill 2 — Missing data | D4: dict.get(), missing keys, None | E4: Completed | F4: Completed after refinement | G4: Reviewed — passed | H4: Duplicate detection
A5: 2026-09-01 | B5: 2 | C5: Drill 3 — Duplicate detection | D5: Sets, deduplication, counting | E5: Completed | F5: Tasks 1–3 correct | G5: Reviewed — 10/10 | H5: Orders + Customers drill
A6: 2026-09-01 | B6: 2 | C6: Drill 4 — Orders + Customers | D6: Lookups, enrichment, aggregation | E6: In Progress | H6: Submit Tasks 1–3 + bonus

Sheet Mentor Review
A1: Mentor Review Standards
A3: Criterion | B3: What I Review | C3: Score (1–5) | D3: Comments / Evidence
A4: Correctness | B4: Does the code produce the required result?
A5: Python reasoning | B5: Can you explain why the code works?
A6: Data-engineering reasoning | B6: Are raw, valid, invalid, and transformed data handled appropriately?
A7: Readability | B7: Naming, structure, and clarity.
A8: Robustness | B8: Edge cases, malformed input, failures, and data quality.
A9: Efficiency | B9: Unnecessary work, memory usage, and algorithmic cost where relevant.
A10: Maintainability | B10: Separation of responsibilities and reusable design.
A11: Testing | B11: Confidence that changes do not break existing behavior.
A13: Overall Score | B13: =IFERROR(AVERAGE(C4:C11),"")

Sheet Notes
A1: Learning Notes & Reflections
A3: Date | B3: Week | C3: Topic | D3: What I Learned | E3: What I Found Difficult | F3: Questions / Follow-up
